[
    {
        "pk": 2,
        "model": "questions.question",
        "fields": {
            "created_at": "2012-08-25T16:36:50Z",
            "question": "What's your favourite cheese?",
            "updated_at": "2012-08-25T18:08:34Z",
            "priority": false,
            "asked_date": "2012-08-24T22:52:53Z",
            "approved": true
        }
    },
    {
        "pk": 3,
        "model": "questions.question",
        "fields": {
            "created_at": "2012-08-25T16:37:20Z",
            "question": "What's your favourite animal?",
            "updated_at": "2012-08-25T17:54:11Z",
            "priority": false,
            "asked_date": "2012-08-25T17:54:07Z",
            "approved": true
        }
    },
    {
        "pk": 4,
        "model": "questions.question",
        "fields": {
            "created_at": "2012-08-25T16:37:36Z",
            "question": "What's your favourite colour?",
            "updated_at": "2012-08-25T16:37:36Z",
            "priority": true,
            "asked_date": null,
            "approved": false
        }
    },
    {
        "pk": 5,
        "model": "questions.question",
        "fields": {
            "created_at": "2012-08-25T16:37:48Z",
            "question": "Who's your favourite Booth?",
            "updated_at": "2012-08-25T16:37:48Z",
            "priority": false,
            "asked_date": null,
            "approved": false
        }
    },
    {
        "pk": 6,
        "model": "questions.question",
        "fields": {
            "created_at": "2012-08-25T16:37:56Z",
            "question": "What's your favourite sandwich?",
            "updated_at": "2012-08-25T16:37:56Z",
            "priority": false,
            "asked_date": null,
            "approved": false
        }
    },
    {
        "pk": 7,
        "model": "questions.question",
        "fields": {
            "created_at": "2012-08-25T16:38:02Z",
            "question": "Who's your favourite Mike?",
            "updated_at": "2012-08-25T16:38:02Z",
            "priority": false,
            "asked_date": null,
            "approved": false
        }
    },
    {
        "pk": 8,
        "model": "questions.question",
        "fields": {
            "created_at": "2012-08-25T16:38:09Z",
            "question": "What's your favourite plant?",
            "updated_at": "2012-08-25T16:38:09Z",
            "priority": false,
            "asked_date": null,
            "approved": false
        }
    },
    {
        "pk": 9,
        "model": "questions.question",
        "fields": {
            "created_at": "2012-08-25T16:38:15Z",
            "question": "What's your favourite drink?",
            "updated_at": "2012-08-26T17:13:22Z",
            "priority": false,
            "asked_date": "2012-08-26T17:13:22Z",
            "approved": true
        }
    },
    {
        "pk": 10,
        "model": "questions.question",
        "fields": {
            "created_at": "2012-08-25T16:38:22Z",
            "question": "What's your favourite box?",
            "updated_at": "2012-08-25T16:38:22Z",
            "priority": false,
            "asked_date": null,
            "approved": false
        }
    },
    {
        "pk": 11,
        "model": "questions.question",
        "fields": {
            "created_at": "2012-08-25T16:38:28Z",
            "question": "What's your favourite beer?",
            "updated_at": "2012-08-25T16:38:28Z",
            "priority": false,
            "asked_date": null,
            "approved": false
        }
    },
    {
        "pk": 12,
        "model": "questions.question",
        "fields": {
            "created_at": "2012-08-25T16:38:40Z",
            "question": "Who's your favourite game show host?",
            "updated_at": "2012-08-29T16:27:20Z",
            "priority": false,
            "asked_date": "2012-08-29T16:27:20Z",
            "approved": true
        }
    },
    {
        "pk": 13,
        "model": "questions.question",
        "fields": {
            "created_at": "2012-08-25T16:50:45Z",
            "question": "What's your favourite fish?",
            "updated_at": "2012-08-25T16:50:45Z",
            "priority": false,
            "asked_date": null,
            "approved": false
        }
    },
    {
        "pk": 14,
        "model": "questions.question",
        "fields": {
            "created_at": "2012-08-25T18:08:10Z",
            "question": "What's your favourite indian dish?",
            "updated_at": "2012-08-29T16:54:50Z",
            "priority": false,
            "asked_date": "2012-08-29T16:54:50Z",
            "approved": true
        }
    },
    {
        "pk": 16,
        "model": "questions.question",
        "fields": {
            "created_at": "2012-08-30T15:54:32Z",
            "question": "What's your favourite dog?",
            "updated_at": "2012-09-19T15:27:03Z",
            "priority": false,
            "asked_date": "2012-09-19T15:27:03Z",
            "approved": true
        }
    },
    {
        "pk": 18,
        "model": "questions.question",
        "fields": {
            "created_at": "2012-08-30T16:14:32Z",
            "question": "What's your favourite supergrass song",
            "updated_at": "2012-08-30T16:14:32Z",
            "priority": false,
            "asked_date": null,
            "approved": false
        }
    },
    {
        "pk": 22,
        "model": "questions.question",
        "fields": {
            "created_at": "2012-08-30T16:50:15Z",
            "question": "sadfadsfasdfasdadfs",
            "updated_at": "2012-08-30T16:50:15Z",
            "priority": false,
            "asked_date": null,
            "approved": false
        }
    },
    {
        "pk": 23,
        "model": "questions.question",
        "fields": {
            "created_at": "2012-08-30T16:50:27Z",
            "question": "What's your favourite poo?",
            "updated_at": "2012-08-30T16:50:27Z",
            "priority": false,
            "asked_date": null,
            "approved": true
        }
    },
    {
        "pk": 24,
        "model": "questions.question",
        "fields": {
            "created_at": "2012-08-30T16:51:55Z",
            "question": "What's your favourite key?",
            "updated_at": "2012-08-30T16:51:55Z",
            "priority": false,
            "asked_date": null,
            "approved": false
        }
    },
    {
        "pk": 25,
        "model": "questions.question",
        "fields": {
            "created_at": "2012-09-18T14:10:57Z",
            "question": "afasdfdsa",
            "updated_at": "2012-09-18T14:10:57Z",
            "priority": false,
            "asked_date": null,
            "approved": false
        }
    },
    {
        "pk": 26,
        "model": "questions.question",
        "fields": {
            "created_at": "2012-09-18T14:28:52Z",
            "question": "pxg",
            "updated_at": "2012-09-18T14:28:52Z",
            "priority": false,
            "asked_date": null,
            "approved": false
        }
    },
    {
        "pk": 1,
        "model": "questions.person",
        "fields": {
            "first_name": "Pete",
            "surname": "Graham",
            "created_at": "2012-08-25T16:45:59Z",
            "updated_at": "2012-08-25T16:45:59Z",
            "twitter_username": "petexgraham",
            "middle_names": "X"
        }
    },
    {
        "pk": 2,
        "model": "questions.person",
        "fields": {
            "first_name": "Pete",
            "surname": "Goodman",
            "created_at": "2012-08-25T16:46:44Z",
            "updated_at": "2012-08-25T16:46:44Z",
            "twitter_username": "thegingerbloke",
            "middle_names": ""
        }
    },
    {
        "pk": 3,
        "model": "questions.person",
        "fields": {
            "first_name": "Caz",
            "surname": "Lock",
            "created_at": "2012-08-25T16:47:36Z",
            "updated_at": "2012-08-25T16:47:36Z",
            "twitter_username": "caz_lock",
            "middle_names": ""
        }
    },
    {
        "pk": 4,
        "model": "questions.person",
        "fields": {
            "first_name": "James",
            "surname": "Booth",
            "created_at": "2012-08-25T16:48:17Z",
            "updated_at": "2012-08-25T16:48:17Z",
            "twitter_username": "jamesbooth",
            "middle_names": "\"Sex Pest\""
        }
    },
    {
        "pk": 5,
        "model": "questions.person",
        "fields": {
            "first_name": "Matt",
            "surname": "Collins",
            "created_at": "2012-08-25T17:55:03Z",
            "updated_at": "2012-08-25T17:55:03Z",
            "twitter_username": "k0ng",
            "middle_names": ""
        }
    },
    {
        "pk": 47,
        "model": "questions.person",
        "fields": {
            "first_name": "",
            "surname": "",
            "created_at": "2012-08-26T17:45:55Z",
            "updated_at": "2012-08-26T17:45:55Z",
            "twitter_username": "pxgunit",
            "middle_names": ""
        }
    },
    {
        "pk": 48,
        "model": "questions.person",
        "fields": {
            "first_name": "",
            "surname": "",
            "created_at": "2012-08-26T18:51:04Z",
            "updated_at": "2012-08-26T18:51:04Z",
            "twitter_username": "somaton",
            "middle_names": ""
        }
    },
    {
        "pk": 49,
        "model": "questions.person",
        "fields": {
            "first_name": "All",
            "surname": "Lund",
            "created_at": "2012-09-19T15:05:16Z",
            "updated_at": "2012-09-19T15:05:16Z",
            "twitter_username": "allnightlund",
            "middle_names": "Night"
        }
    },
    {
        "pk": 50,
        "model": "questions.person",
        "fields": {
            "first_name": "John",
            "surname": "Lund",
            "created_at": "2012-09-19T15:05:16Z",
            "updated_at": "2012-09-19T15:05:16Z",
            "twitter_username": "johnlund",
            "middle_names": ""
        }
    },
    {
        "pk": 1,
        "model": "questions.answer",
        "fields": {
            "tweet_id": 0,
            "created_at": "2012-08-25T16:48:38Z",
            "question": 2,
            "updated_at": "2012-08-25T16:48:38Z",
            "person": 1,
            "answer_text": "Stilton"
        }
    },
    {
        "pk": 2,
        "model": "questions.answer",
        "fields": {
            "tweet_id": 0,
            "created_at": "2012-08-25T16:49:03Z",
            "question": 2,
            "updated_at": "2012-08-25T16:49:03Z",
            "person": 4,
            "answer_text": "Gouda"
        }
    },
    {
        "pk": 3,
        "model": "questions.answer",
        "fields": {
            "tweet_id": 0,
            "created_at": "2012-08-25T16:49:16Z",
            "question": 2,
            "updated_at": "2012-08-25T16:49:16Z",
            "person": 2,
            "answer_text": "I don't like cheese"
        }
    },
    {
        "pk": 4,
        "model": "questions.answer",
        "fields": {
            "tweet_id": 0,
            "created_at": "2012-08-25T16:49:36Z",
            "question": 2,
            "updated_at": "2012-08-25T16:49:36Z",
            "person": 3,
            "answer_text": "Brie"
        }
    },
    {
        "pk": 5,
        "model": "questions.answer",
        "fields": {
            "tweet_id": 0,
            "created_at": "2012-08-25T16:49:49Z",
            "question": 3,
            "updated_at": "2012-08-25T16:49:49Z",
            "person": 1,
            "answer_text": "monkey"
        }
    },
    {
        "pk": 6,
        "model": "questions.answer",
        "fields": {
            "tweet_id": 0,
            "created_at": "2012-08-25T16:50:28Z",
            "question": 3,
            "updated_at": "2012-08-25T16:50:28Z",
            "person": 3,
            "answer_text": "tiger"
        }
    },
    {
        "pk": 7,
        "model": "questions.answer",
        "fields": {
            "tweet_id": 0,
            "created_at": "2012-08-25T16:51:12Z",
            "question": 3,
            "updated_at": "2012-08-25T16:51:12Z",
            "person": 2,
            "answer_text": "horse"
        }
    },
    {
        "pk": 8,
        "model": "questions.answer",
        "fields": {
            "tweet_id": 0,
            "created_at": "2012-08-25T16:51:48Z",
            "question": 3,
            "updated_at": "2012-08-25T16:51:48Z",
            "person": 4,
            "answer_text": "Monkey"
        }
    },
    {
        "pk": 9,
        "model": "questions.answer",
        "fields": {
            "tweet_id": 0,
            "created_at": "2012-08-25T17:55:22Z",
            "question": 3,
            "updated_at": "2012-08-25T17:55:22Z",
            "person": 5,
            "answer_text": "Pony"
        }
    },
    {
        "pk": 10,
        "model": "questions.answer",
        "fields": {
            "tweet_id": 0,
            "created_at": "2012-08-25T18:09:03Z",
            "question": 2,
            "updated_at": "2012-08-25T18:09:03Z",
            "person": 5,
            "answer_text": "Baby Bells"
        }
    },
    {
        "pk": 103,
        "model": "questions.answer",
        "fields": {
            "tweet_id": 239796989905227776,
            "created_at": "2012-08-29T16:26:29Z",
            "question": 9,
            "updated_at": "2012-08-29T16:26:29Z",
            "person": 2,
            "answer_text": "Orange Juice"
        }
    },
    {
        "pk": 104,
        "model": "questions.answer",
        "fields": {
            "tweet_id": 239796492263624705,
            "created_at": "2012-08-29T16:26:29Z",
            "question": 9,
            "updated_at": "2012-08-29T16:26:29Z",
            "person": 48,
            "answer_text": "BEER"
        }
    },
    {
        "pk": 105,
        "model": "questions.answer",
        "fields": {
            "tweet_id": 239786258585493504,
            "created_at": "2012-08-29T16:26:29Z",
            "question": 9,
            "updated_at": "2012-08-29T16:26:29Z",
            "person": 47,
            "answer_text": "in particular stella! I love stella and a fight"
        }
    },
    {
        "pk": 106,
        "model": "questions.answer",
        "fields": {
            "tweet_id": 239784613373960192,
            "created_at": "2012-08-29T16:26:29Z",
            "question": 9,
            "updated_at": "2012-08-29T16:26:29Z",
            "person": 4,
            "answer_text": "Vanilla milkshake"
        }
    },
    {
        "pk": 107,
        "model": "questions.answer",
        "fields": {
            "tweet_id": 239782375473680385,
            "created_at": "2012-08-29T16:26:29Z",
            "question": 9,
            "updated_at": "2012-08-29T16:26:29Z",
            "person": 2,
            "answer_text": "FISK"
        }
    },
    {
        "pk": 108,
        "model": "questions.answer",
        "fields": {
            "tweet_id": 239780467610644480,
            "created_at": "2012-08-29T16:26:29Z",
            "question": 9,
            "updated_at": "2012-08-29T16:26:29Z",
            "person": 47,
            "answer_text": "beers! Lads love beers."
        }
    },
    {
        "pk": 109,
        "model": "questions.answer",
        "fields": {
            "tweet_id": 32423432,
            "created_at": "2012-08-31T15:52:27Z",
            "question": 14,
            "updated_at": "2012-08-31T15:52:27Z",
            "person": 1,
            "answer_text": "Chickent Balti"
        }
    },
    {
        "pk": 121,
        "model": "questions.answer",
        "fields": {
            "tweet_id": 246989963260985344,
            "created_at": "2012-09-19T15:07:50Z",
            "question": 14,
            "updated_at": "2012-09-19T15:07:50Z",
            "person": 5,
            "answer_text": "Slate"
        }
    },
    {
        "pk": 122,
        "model": "questions.answer",
        "fields": {
            "tweet_id": 246985892202438657,
            "created_at": "2012-09-19T15:07:50Z",
            "question": 14,
            "updated_at": "2012-09-19T15:07:50Z",
            "person": 49,
            "answer_text": "the one from last night."
        }
    },
    {
        "pk": 123,
        "model": "questions.answer",
        "fields": {
            "tweet_id": 246985773264539650,
            "created_at": "2012-09-19T15:07:50Z",
            "question": 14,
            "updated_at": "2012-09-19T15:07:50Z",
            "person": 3,
            "answer_text": "Natalie Portman"
        }
    },
    {
        "pk": 124,
        "model": "questions.answer",
        "fields": {
            "tweet_id": 246985675264647168,
            "created_at": "2012-09-19T15:07:50Z",
            "question": 14,
            "updated_at": "2012-09-19T15:07:50Z",
            "person": 5,
            "answer_text": "jewbacker"
        }
    },
    {
        "pk": 125,
        "model": "questions.answer",
        "fields": {
            "tweet_id": 246985671267479553,
            "created_at": "2012-09-19T15:07:50Z",
            "question": 14,
            "updated_at": "2012-09-19T15:07:50Z",
            "person": 50,
            "answer_text": "Don't Jew wish your girlfriend was hot like me"
        }
    },
    {
        "pk": 126,
        "model": "questions.answer",
        "fields": {
            "tweet_id": 246985497740722176,
            "created_at": "2012-09-19T15:07:50Z",
            "question": 14,
            "updated_at": "2012-09-19T15:07:50Z",
            "person": 4,
            "answer_text": "Pete Goodman"
        }
    },
    {
        "pk": 127,
        "model": "questions.answer",
        "fields": {
            "tweet_id": 246985367268519936,
            "created_at": "2012-09-19T15:07:50Z",
            "question": 14,
            "updated_at": "2012-09-19T15:07:50Z",
            "person": 47,
            "answer_text": "Pete Goodman"
        }
    },
    {
        "pk": 128,
        "model": "questions.answer",
        "fields": {
            "tweet_id": 247297919429005312,
            "created_at": "2012-09-19T15:52:24Z",
            "question": 16,
            "updated_at": "2012-09-19T15:52:24Z",
            "person": 47,
            "answer_text": "#1 Fosters Gold #2 Carling Zest"
        }
    },
    {
        "pk": 129,
        "model": "questions.answer",
        "fields": {
            "tweet_id": 246990647368749056,
            "created_at": "2012-09-19T15:52:24Z",
            "question": 16,
            "updated_at": "2012-09-19T15:52:24Z",
            "person": 47,
            "answer_text": "<h1>html test & blah</h1>"
        }
    }
]